T_hot,T_cold,k,rho,cp,alpha,h,L,N,tol,max_iter,size,avg_time
600.00,25.00,237.00,2702.00,903.00,9.71000e-05,100.00,2.50,10000,1.00000e-06,1000000,4,13.945092
